Заявка;Тип заявки BK;Тип заявки HD;Начало;Окончание;Район;Адрес;Длительность, мин;Навык;Требуемый транспорт;Приоритет;Широта;Долгота
67472;Подключение;Заказ подключения/Дозаказ оборудования;17.08.2026 16:00;17.08.2026 18:00;Домодедово;Домодедово, проезд.Советский 1-й, д. 1А;70;Работы на подключение и дозаказы;;Обычная;;
84466;Подключение;Конвергенция абонента;17.08.2026 18:00;17.08.2026 20:00;Орехово Борисово Южное;Город Москва, проезд.Гурьевский, д. 23 к 1;70;Работы на подключение и дозаказы;;Обычная;;
14416;Подключение;Заказ подключения/Дозаказ оборудования;17.08.2026 16:00;17.08.2026 18:00;Зябликово;Город Москва, ул.Кустанайская, д. 8 к 1;70;Работы на подключение и дозаказы;;Обычная;;
68359;Подключение;Конвергенция абонента;17.08.2026 16:00;17.08.2026 18:00;Орехово Борисово Южное;Город Москва, ш.Каширское, д. 136;70;Работы на подключение и дозаказы;;Обычная;;
66944;Подключение;Конвергенция абонента;17.08.2026 10:00;17.08.2026 12:00;Домодедово;;70;Работы на подключение и дозаказы;;Обычная;55.425109;37.7700594
52041;Подключение;Конвергенция абонента;17.08.2026 12:00;17.08.2026 14:00;Москворечье - Сабурово;Город Москва, ул.Москворечье, д. 4 к 6;70;Работы на подключение и дозаказы;;Обычная;;
23807;Подключение;Конвергенция абонента;17.08.2026 10:00;17.08.2026 12:00;Бирюлево Восточное;Город Москва, проезд.Загорьевский, д. 9;70;Работы на подключение и дозаказы;;Обычная;;
60484;Подключение;Конвергенция абонента;17.08.2026 14:00;17.08.2026 16:00;Бирюлево Восточное;Город Москва, ул.6-я Радиальная, д. 5 к 3;70;Работы на подключение и дозаказы;;Обычная;;
63591;Подключение;Конвергенция абонента;17.08.2026 14:00;17.08.2026 16:00;Бирюлево Восточное;Город Москва, ул.Бирюлёвская, д. 39;70;Работы на подключение и дозаказы;;Обычная;;
53552;Подключение;Заказ подключения/Дозаказ оборудования;17.08.2026 14:00;17.08.2026 16:00;Кашира;;70;Работы на подключение и дозаказы;;Обычная;54.8386455;38.1934317
58066;Подключение;Конвергенция абонента;17.08.2026 12:00;17.08.2026 14:00;Братеево;Город Москва, ул.Братеевская, д. 18 к 1;70;Работы на подключение и дозаказы;;Обычная;;
2915;Подключение;Конвергенция абонента;17.08.2026 12:00;17.08.2026 14:00;Зябликово;Город Москва, б-р.Ореховый, д. 35 к 1;70;Работы на подключение и дозаказы;;Обычная;;
3566;Подключение;Конвергенция абонента;17.08.2026 12:00;17.08.2026 14:00;Зябликово;Город Москва, б-р.Ореховый, д. 35 к 1;70;Работы на подключение и дозаказы;;Обычная;;
68946;Подключение;Конвергенция абонента;17.08.2026 16:00;17.08.2026 18:00;Царицыно;Город Москва, пр-кт.Пролетарский, д. 14А;70;Работы на подключение и дозаказы;;Обычная;;
55454;Подключение;Конвергенция абонента;17.08.2026 12:00;17.08.2026 14:00;Домодедово;;70;Работы на подключение и дозаказы;;Обычная;55.4226672;37.7779539
35057;Подключение;Конвергенция абонента;17.08.2026 14:00;17.08.2026 16:00;Домодедово;Домодедово, ул.Корнеева, д. 40;70;Работы на подключение и дозаказы;;Обычная;;
75745;Подключение;Заказ подключения/Дозаказ оборудования;17.08.2026 10:00;17.08.2026 12:00;Домодедово;Домодедово, ул.Зеленая, д. 85;70;Работы на подключение и дозаказы;;Обычная;;
65717;Подключение;Конвергенция абонента;17.08.2026 10:00;17.08.2026 12:00;Царицыно;Город Москва, ул.Ереванская, д. 29;70;Работы на подключение и дозаказы;;Обычная;;
44117;Подключение;Конвергенция абонента;17.08.2026 10:00;17.08.2026 12:00;Царицыно;Город Москва, ул.Севанская, д. 15 к 1;70;Работы на подключение и дозаказы;;Обычная;;
76173;Подключение;Конвергенция абонента;17.08.2026 16:00;17.08.2026 18:00;Бирюлево Восточное;;70;Работы на подключение и дозаказы;;Обычная;55.6037747;37.6510228
876;Подключение;Заказ подключения/Дозаказ оборудования;17.08.2026 10:00;17.08.2026 12:00;Бирюлево Восточное;Город Москва, проезд.Загорьевский, д. 9;70;Работы на подключение и дозаказы;;Обычная;;
62011;Подключение;Конвергенция абонента;17.08.2026 10:00;17.08.2026 12:00;Кашира;Кашира, ул.Садовая, д. 18;70;Работы на подключение и дозаказы;;Обычная;;
57353;Подключение;Заказ подключения/Дозаказ оборудования;17.08.2026 12:00;17.08.2026 14:00;Кашира;Кашира, ул.Садовая, д. 2/11;70;Работы на подключение и дозаказы;;Обычная;;
2245;Подключение;Заявка на подключение;17.08.2026 14:00;17.08.2026 16:00;Братеево;Город Москва, ул.Паромная, д. 9 к 1;70;Работы на подключение и дозаказы;;Обычная;;
14494;Подключение;Конвергенция абонента;17.08.2026 10:00;17.08.2026 12:00;Братеево;;70;Работы на подключение и дозаказы;;Обычная;55.6343465;37.7658937
78920;Подключение;Заявка на подключение;17.08.2026 12:00;17.08.2026 14:00;Братеево;Город Москва, ул.Борисовские Пруды, д. 20 к 1;70;Работы на подключение и дозаказы;;Обычная;;
78876;Подключение;Конвергенция абонента;17.08.2026 10:00;17.08.2026 12:00;Кашира;Кашира, ул.Юбилейная, д. 9;70;Работы на подключение и дозаказы;;Обычная;;
23094;Подключение;Конвергенция абонента;17.08.2026 12:00;17.08.2026 14:00;Кашира;Кашира, ул.8 Марта, д. 22;70;Работы на подключение и дозаказы;;Обычная;;
79144;Подключение;Заявка на подключение;17.08.2026 10:00;17.08.2026 12:00;Орехово Борисово Северное;Город Москва, б-р.Ореховый, д. 7 к 1;70;Работы на подключение и дозаказы;;Обычная;;
60141;Подключение;Конвергенция абонента;17.08.2026 12:00;17.08.2026 14:00;Орехово Борисово Северное;;70;Работы на подключение и дозаказы;;Обычная;55.614969;37.7137838
79450;Подключение;Заказ подключения/Дозаказ оборудования;17.08.2026 12:00;17.08.2026 14:00;Орехово Борисово Северное;Город Москва, б-р.Ореховый, д. 11 к 1;70;Работы на подключение и дозаказы;;Обычная;;
58129;Подключение;Заявка на подключение;17.08.2026 10:00;17.08.2026 12:00;Орехово Борисово Северное;Город Москва, проезд.Борисовский, д. 44 к 3;70;Работы на подключение и дозаказы;;Обычная;;
93798;Подключение;Конвергенция абонента;17.08.2026 10:00;17.08.2026 12:00;Зябликово;Город Москва, проезд.Ореховый, д. 41;70;Работы на подключение и дозаказы;;Обычная;;
89696;Подключение;Конвергенция абонента;17.08.2026 14:00;17.08.2026 16:00;Домодедово;Домодедово, ул.Ильюшина, д. 20;70;Работы на подключение и дозаказы;;Обычная;;
20362;Подключение;Конвергенция абонента;17.08.2026 14:00;17.08.2026 16:00;Кашира;;70;Работы на подключение и дозаказы;;Обычная;54.8419626;38.248056
40698;Подключение;Конвергенция абонента;17.08.2026 12:00;17.08.2026 14:00;Зябликово;Город Москва, ул.Кустанайская, д. 9 к 1;70;Работы на подключение и дозаказы;;Обычная;;
2427;Дозаказ;Дозаказ оборудования;17.08.2026 18:00;17.08.2026 20:00;Царицыно;Город Москва, пр-кт.Пролетарский, д. 18 к 4;20;Работы на подключение и дозаказы;;Обычная;;
51603;Дозаказ;Заказ подключения/Дозаказ оборудования;17.08.2026 18:00;17.08.2026 20:00;Братеево;Город Москва, ул.Борисовские Пруды, д. 20 к 1;20;Работы на подключение и дозаказы;;Обычная;;
13404;Дозаказ;Конвергенция абонента;17.08.2026 20:00;17.08.2026 22:00;Кашира;Кашира, ул.Кржижановского, д. 7;20;Работы на подключение и дозаказы;;Обычная;;
72476;Дозаказ;Дозаказ оборудования;17.08.2026 14:00;17.08.2026 16:00;Бирюлево Западное;;20;Работы на подключение и дозаказы;;Обычная;55.5899951;37.6483741
90989;Локальная заявка;Нет линка;17.08.2026 16:00;17.08.2026 18:00;Домодедово;Домодедово, ул.Гагарина, д. 55/2;30;Локальные работы;;Обычная;;
7660;Локальная заявка;Нет линка;17.08.2026 18:00;17.08.2026 20:00;Домодедово;Домодедово, ул.1-я Коммунистическая, д. 39;30;Локальные работы;;Обычная;;
89067;Локальная заявка;Работа с кабелем;17.08.2026 18:00;17.08.2026 20:00;Братеево;Город Москва, ул.Борисовские Пруды, д. 48 к 2;30;Локальные работы;;Обычная;;
65268;Локальная заявка;Работа с кабелем;17.08.2026 20:00;17.08.2026 22:00;Ступино;Ступино, ул.Калинина, д. 34;30;Локальные работы;;Обычная;;
33880;Локальная заявка;Низкая скорость;17.08.2026 20:00;17.08.2026 22:00;Орехово Борисово Южное;;30;Локальные работы;;Обычная;55.6060564;37.7067109
37590;Локальная заявка;Нет линка;17.08.2026 20:00;17.08.2026 22:00;Бирюлево Западное;Город Москва, проезд.Востряковский, д. 15 к 2;30;Локальные работы;;Обычная;;
33507;Локальная заявка;Нет линка;17.08.2026 18:00;17.08.2026 20:00;Бирюлево Восточное;Город Москва, ул.Бирюлёвская, д. 58 к 3;30;Локальные работы;;Обычная;;
88209;Локальная заявка;Низкая скорость;17.08.2026 12:00;17.08.2026 14:00;Орехово Борисово Южное;Город Москва, ул.Домодедовская, д. 31;30;Локальные работы;;Обычная;;
24482;Локальная заявка;Рост ошибок на порту;17.08.2026 20:00;17.08.2026 22:00;Царицыно;Город Москва, ул.Весёлая, д. 33 к 7;30;Локальные работы;;Обычная;;
40111;Локальная заявка;Работа с кабелем;17.08.2026 10:00;17.08.2026 12:00;Ступино;;30;Локальные работы;;Обычная;54.8917937;38.0692054
46199;Локальная заявка;Нет линка;17.08.2026 12:00;17.08.2026 14:00;Домодедово;Домодедово, ул.Ильюшина, д. 11 к 2;30;Локальные работы;;Обычная;;
75282;Локальная заявка;Роутер. Замена техническим специалистом;17.08.2026 16:00;17.08.2026 18:00;Бирюлево Западное;Город Москва, проезд.Востряковский, д. 15 к 4;30;Локальные работы;;Обычная;;
63577;Локальная заявка;Нет линка;17.08.2026 10:00;17.08.2026 12:00;Домодедово;Домодедово, ул.Корнеева, д. 48;30;Локальные работы;;Обычная;;
7610;Локальная заявка;Переключение на Гбит/с;17.08.2026 18:00;17.08.2026 20:00;Царицыно;Город Москва, ул.Луганская, д. 4 к 1;30;Локальные работы;;Обычная;;
19216;Локальная заявка;TVE/ENT. Замена приставки техником;17.08.2026 12:00;17.08.2026 14:00;Царицыно;;30;Локальные работы;;Обычная;55.6278364;37.664554
11872;Локальная заявка;Рост ошибок на порту;17.08.2026 14:00;17.08.2026 16:00;Царицыно;Город Москва, ул.Весёлая, д. 33 к 7;30;Локальные работы;;Обычная;;
54422;Локальная заявка;IP-адрес 169...;17.08.2026 16:00;17.08.2026 18:00;Царицыно;Город Москва, ул.Луганская, д. 1;30;Локальные работы;;Обычная;;
4724;Локальная заявка;Низкая скорость;17.08.2026 18:00;17.08.2026 20:00;Царицыно;Город Москва, ул.Кантемировская, д. 5 к 2;30;Локальные работы;;Обычная;;
11899;Локальная заявка;Низкая скорость;17.08.2026 10:00;17.08.2026 12:00;Бирюлево Восточное;Город Москва, проезд.Загорьевский, д. 7 к 2;30;Локальные работы;;Обычная;;
60886;Локальная заявка;Переключение на Гбит/с;17.08.2026 16:00;17.08.2026 18:00;Орехово Борисово Северное;;30;Локальные работы;;Обычная;55.6204412;37.6958848
32066;Локальная заявка;Нет линка;17.08.2026 14:00;17.08.2026 16:00;Орехово Борисово Южное;Город Москва, ул.Генерала Белова, д. 45 к 2;30;Локальные работы;;Обычная;;
63894;Локальная заявка;IP-адрес 169...;17.08.2026 12:00;17.08.2026 14:00;Орехово Борисово Северное;Город Москва, ул.Шипиловская, д. 38;30;Локальные работы;;Обычная;;
64168;Локальная заявка;TVE/ENT. Замена приставки техником;17.08.2026 16:00;17.08.2026 18:00;Орехово Борисово Южное;Город Москва, проезд.Гурьевский, д. 19 к 2;30;Локальные работы;;Обычная;;
40919;Локальная заявка;Рост ошибок на порту;17.08.2026 10:00;17.08.2026 12:00;Орехово Борисово Северное;Город Москва, проезд.Борисовский, д. 44 к 3;30;Локальные работы;;Обычная;;
36961;Локальная заявка;Нет линка;17.08.2026 18:00;17.08.2026 20:00;Зябликово;;30;Локальные работы;;Обычная;55.6228247;37.7313782
12329;Локальная заявка;Разрывы;17.08.2026 12:00;17.08.2026 14:00;Бирюлево Западное;Город Москва, ул.Булатниковская, д. 4 к 1;30;Локальные работы;;Обычная;;
95692;Локальная заявка;Нет линка;17.08.2026 10:00;17.08.2026 12:00;Зябликово;Город Москва, б-р.Ореховый, д. 61 к 1;30;Локальные работы;;Обычная;;
13583;Локальная заявка;Нет линка;17.08.2026 14:00;17.08.2026 16:00;Домодедово;Домодедово, проезд.Кутузовский, д. 16;30;Локальные работы;;Обычная;;
3151;Локальная заявка;Нет линка;17.08.2026 12:00;17.08.2026 14:00;Кашира;Кашира, ул.Ленина, д. 11 к 3;30;Локальные работы;;Обычная;;
45778;Локальная заявка;Рост ошибок на порту;17.08.2026 14:00;17.08.2026 16:00;Кашира;;30;Локальные работы;;Обычная;54.8409976;38.1897638
20055;Локальная заявка;IP-адрес 169...;17.08.2026 12:00;17.08.2026 14:00;Зябликово;Город Москва, ул.Мусы Джалиля, д. 9 к 1;30;Локальные работы;;Обычная;;
7258;Глобальная проблема;Авария;17.08.2026 20:00;17.08.2026 22:00;Домодедово;обл.Московская область, г.Домодедово, пгт.Востряково-1, ул.Жуковского, д. 14/18;80;Аварийные работы;;Срочная;;
78673;Глобальная проблема;Авария;17.08.2026 0:01;17.08.2026 23:59;Кашира;МО, г. Кашира Центральная ул. д. 21;80;Аварийные работы;;Срочная;;
98998;Глобальная проблема;Авария;17.08.2026 0:01;17.08.2026 23:59;Кашира;МО, г. Кашира Кржижановского ул. д. 5/1;80;Аварийные работы;;Срочная;;
32589;Глобальная проблема;Авария;17.08.2026 0:01;17.08.2026 23:59;Кашира;;80;Аварийные работы;;Срочная;54.8399225;38.2415926
51774;Глобальная проблема;Авария;17.08.2026 0:01;17.08.2026 23:59;Кашира;МО, г. Кашира Кржижановского ул. д. 5/3;80;Аварийные работы;;Срочная;;
90915;Глобальная проблема;Авария;17.08.2026 0:01;17.08.2026 23:59;Кашира;МО, г. Кашира Кржижановского ул. д. 5/2;80;Аварийные работы;;Срочная;;
45243;Глобальная проблема;Авария;17.08.2026 0:01;17.08.2026 23:59;Кашира;МО, г. Кашира Кржижановского ул. д. 5/1;80;Аварийные работы;;Срочная;;
81698;Глобальная проблема;Авария;17.08.2026 0:01;17.08.2026 23:59;Ступино;МО, г. Ступино Андропова ул. д. 37;80;Аварийные работы;;Срочная;;
97168;Глобальная проблема;Авария;17.08.2026 0:01;17.08.2026 23:59;Ступино;;80;Аварийные работы;;Срочная;54.8857555;38.082999
65034;Глобальная проблема;Авария;17.08.2026 0:01;17.08.2026 23:59;Кашира;МО, г. Кашира Центральная ул. д. 19;80;Аварийные работы;;Срочная;;
1287;Глобальная проблема;Авария;17.08.2026 0:01;17.08.2026 23:59;Бирюлево Восточное;Москва Бирюлевская ул. д. 44;80;Аварийные работы;;Срочная;;
31495;Глобальная проблема;Авария;17.08.2026 0:01;17.08.2026 23:59;Бирюлево Западное;Москва Булатниковский пр-зд. д. 6к1;80;Аварийные работы;;Срочная;;
Адрес офиса;г. Москва, ул Бирюлёвская, д 1с1
