ID;Имя;Навыки;Транспорт;Начало смены;Конец смены
engineer-01;Инженер 1;Подключения и дозаказы;Автомобиль;09:00;17:00
engineer-02;Инженер 2;Локальные работы;Общественный транспорт;14:00;22:00
engineer-03;Инженер 3;Аварийные работы;Пешеход;09:00;17:00
engineer-04;Инженер 4;Подключения и дозаказы | Локальные работы | Аварийные работы;Велосипед;14:00;22:00
engineer-05;Инженер 5;Подключения и дозаказы | Локальные работы;Автомобиль;09:00;17:00
engineer-06;Инженер 6;Подключения и дозаказы | Локальные работы | Аварийные работы;Общественный транспорт;14:00;22:00
engineer-07;Инженер 7;Подключения и дозаказы;Пешеход;09:00;17:00
engineer-08;Инженер 8;Локальные работы;Велосипед;14:00;22:00
engineer-09;Инженер 9;Аварийные работы;Автомобиль;09:00;17:00
engineer-10;Инженер 10;Подключения и дозаказы | Локальные работы | Аварийные работы;Общественный транспорт;14:00;22:00
engineer-11;Инженер 11;Подключения и дозаказы | Локальные работы;Пешеход;09:00;17:00
engineer-12;Инженер 12;Подключения и дозаказы | Локальные работы | Аварийные работы;Велосипед;14:00;22:00
